State/Province,Shipment_Volume,Delayed_Shipments,Delay_Frequency,Average_Lead_Time,Geographic_Classification
West Virginia,4,3,75.0,1638.0,Other
South Dakota,12,7,58.333333333333336,1395.9166666666667,Other
New Mexico,37,21,56.75675675675676,1441.837837837838,Other
Saskatchewan,2,1,50.0,1457.0,Other
Prince Edward Island,10,5,50.0,1420.3,Other
Newfoundland and Labrador,6,2,33.33333333333333,1216.1666666666667,Other
Iowa,30,10,33.33333333333333,1443.9,Other
Manitoba,12,4,33.33333333333333,1455.3333333333333,Other
British Columbia,22,7,31.818181818181817,1290.3181818181818,Other
Tennessee,183,58,31.693989071038253,1391.4863387978141,Potential Geographic Bottleneck
Minnesota,89,28,31.46067415730337,1335.4719101123596,Potential Geographic Bottleneck
Indiana,149,46,30.87248322147651,1381.496644295302,Potential Geographic Bottleneck
Alberta,26,8,30.76923076923077,1274.076923076923,Other
Quebec,50,15,30.0,1288.24,Other
Connecticut,82,24,29.268292682926827,1357.5487804878048,Potential Geographic Bottleneck
North Dakota,7,2,28.57142857142857,1637.857142857143,Other
New Jersey,130,36,27.692307692307693,1338.3307692307692,Potential Geographic Bottleneck
Montana,15,4,26.666666666666668,1273.8,Other
Missouri,66,17,25.757575757575758,1339.8636363636363,Potential Geographic Bottleneck
New Brunswick,8,2,25.0,1273.25,Other
Georgia,184,46,25.0,1338.6358695652175,Potential Geographic Bottleneck
Washington,506,121,23.91304347826087,1360.6620553359685,Potential Geographic Bottleneck
Florida,383,90,23.49869451697128,1311.396866840731,High-Volume Performance Concern
Alabama,61,14,22.950819672131146,1291.27868852459,High-Volume Performance Concern
Pennsylvania,587,131,22.31686541737649,1324.1993185689948,Potential Geographic Bottleneck
Wisconsin,110,24,21.818181818181817,1343.0,Potential Geographic Bottleneck
Illinois,492,107,21.747967479674795,1323.1504065040651,Potential Geographic Bottleneck
Arkansas,60,13,21.666666666666668,1285.7333333333333,High-Volume Performance Concern
New York,1128,242,21.45390070921986,1324.4937943262412,Potential Geographic Bottleneck
California,2001,413,20.63968015992004,1318.4272863568217,Potential Geographic Bottleneck
District of Columbia,10,2,20.0,1347.7,Other
Texas,985,196,19.898477157360407,1310.3055837563452,Other
Oregon,124,24,19.35483870967742,1267.7096774193549,Other
North Carolina,249,48,19.27710843373494,1334.8835341365461,High-Volume Performance Concern
Idaho,21,4,19.047619047619047,1342.5714285714287,Other
Ohio,469,89,18.976545842217483,1325.7334754797441,High-Volume Performance Concern
Utah,53,10,18.867924528301888,1253.0,Other
Delaware,96,18,18.75,1269.75,Other
Arizona,224,41,18.303571428571427,1309.2142857142858,Other
Massachusetts,135,24,17.77777777777778,1308.3185185185184,Other
Oklahoma,66,11,16.666666666666664,1301.3636363636363,Other
Nova Scotia,6,1,16.666666666666664,1272.6666666666667,Other
Kansas,24,4,16.666666666666664,1273.2916666666667,Other
Colorado,182,30,16.483516483516482,1337.1868131868132,High-Volume Performance Concern
Maryland,105,17,16.19047619047619,1356.7809523809524,High-Volume Performance Concern
Nebraska,38,6,15.789473684210526,1311.2368421052631,Other
Michigan,255,40,15.686274509803921,1300.5607843137254,Other
Mississippi,53,8,15.09433962264151,1266.566037735849,Other
New Hampshire,27,4,14.814814814814813,1300.037037037037,Other
Kentucky,139,18,12.949640287769784,1328.4460431654677,High-Volume Performance Concern
Nevada,39,5,12.82051282051282,1226.7948717948718,Other
Virginia,224,28,12.5,1229.125,Other
Louisiana,42,5,11.904761904761903,1263.7857142857142,Other
South Carolina,42,4,9.523809523809524,1255.4285714285713,Other
Vermont,11,1,9.090909090909092,1438.909090909091,Other
Ontario,58,5,8.620689655172415,1247.4655172413793,Other
Rhode Island,56,3,5.357142857142857,1324.8035714285713,Other
Maine,8,0,0.0,1137.125,Other
Wyoming,1,0,0.0,1274.0,Other
